,SNP,effect_allele.exposure,other_allele.exposure,effect_allele.outcome,other_allele.outcome,beta.exposure,beta.outcome,eaf.exposure,eaf.outcome,remove,palindromic,ambiguous,id.outcome,se.outcome,outcome,mr_keep.outcome,pval.outcome,pval_origin.outcome,data_source.outcome,samplesize.exposure,pos.exposure,pval.exposure,se.exposure,chr.exposure,id.exposure,exposure,mr_keep.exposure,pval_origin.exposure,data_source.exposure,action,mr_keep,samplesize.outcome
1,rs10083762,G,C,G,C,0.0123284,0.0120711,0.272684,0.286732,FALSE,TRUE,FALSE,0zD98C,0.0113601,outcome,TRUE,0.287969068,inferred,textfile,417580,11907210,2.25E-08,0.00220472,16,ebi-a-GCST90000616,Serum 25-Hydroxyvitamin D levels || id:ebi-a-GCST90000616,TRUE,reported,igd,2,TRUE,NA
2,rs10085881,C,T,C,T,-0.0147558,0.00177647,0.282185,0.705689,FALSE,FALSE,FALSE,0zD98C,0.0112746,outcome,TRUE,0.874800448,inferred,textfile,417580,21577960,2.17E-11,0.0022042,7,ebi-a-GCST90000616,Serum 25-Hydroxyvitamin D levels || id:ebi-a-GCST90000616,TRUE,reported,igd,2,TRUE,NA
3,rs1038165,T,C,T,C,0.0119457,-0.00903156,0.583349,0.425965,FALSE,FALSE,FALSE,0zD98C,0.0103625,outcome,TRUE,0.383447433,inferred,textfile,417580,68665940,1.84E-09,0.00198724,12,ebi-a-GCST90000616,Serum 25-Hydroxyvitamin D levels || id:ebi-a-GCST90000616,TRUE,reported,igd,2,TRUE,NA
4,rs10454087,T,C,T,C,-0.0122147,-0.00489446,0.284822,0.758229,FALSE,FALSE,FALSE,0zD98C,0.0119648,outcome,TRUE,0.68248711,inferred,textfile,417580,40735641,1.90E-08,0.00217301,17,ebi-a-GCST90000616,Serum 25-Hydroxyvitamin D levels || id:ebi-a-GCST90000616,TRUE,reported,igd,2,TRUE,NA
5,rs1047891,A,C,A,C,-0.0135284,-0.013891,0.315821,0.679111,FALSE,FALSE,FALSE,0zD98C,0.0109764,outcome,TRUE,0.20568021,inferred,textfile,417580,211540507,1.38E-10,0.00210789,2,ebi-a-GCST90000616,Serum 25-Hydroxyvitamin D levels || id:ebi-a-GCST90000616,TRUE,reported,igd,2,TRUE,NA
6,rs10766281,G,A,G,A,0.0154547,-0.00416959,0.255639,0.723287,FALSE,FALSE,FALSE,0zD98C,0.0114019,outcome,TRUE,0.714594498,inferred,textfile,417580,15728444,7.46E-12,0.00225666,11,ebi-a-GCST90000616,Serum 25-Hydroxyvitamin D levels || id:ebi-a-GCST90000616,TRUE,reported,igd,2,TRUE,NA
7,rs10822145,T,C,T,C,-0.0121924,-0.0178251,0.475476,0.516317,FALSE,FALSE,FALSE,0zD98C,0.0102497,outcome,TRUE,0.082019805,inferred,textfile,417580,64934548,5.71E-10,0.00196711,10,ebi-a-GCST90000616,Serum 25-Hydroxyvitamin D levels || id:ebi-a-GCST90000616,TRUE,reported,igd,2,TRUE,NA
8,rs10859995,C,T,C,T,-0.040203,-0.00980064,0.582634,0.337667,FALSE,FALSE,FALSE,0zD98C,0.0108107,outcome,TRUE,0.36463503,inferred,textfile,417580,96375682,8.90E-91,0.00198979,12,ebi-a-GCST90000616,Serum 25-Hydroxyvitamin D levels || id:ebi-a-GCST90000616,TRUE,reported,igd,2,TRUE,NA
9,rs11076175,G,A,G,A,0.0235215,-0.0172808,0.178358,0.827176,FALSE,FALSE,FALSE,0zD98C,0.0135997,outcome,TRUE,0.203844262,inferred,textfile,417580,57006378,5.10E-20,0.00256731,16,ebi-a-GCST90000616,Serum 25-Hydroxyvitamin D levels || id:ebi-a-GCST90000616,TRUE,reported,igd,2,TRUE,NA
10,rs11182428,C,T,C,T,-0.0126371,-0.0163382,0.519995,0.521612,FALSE,FALSE,FALSE,0zD98C,0.0102664,outcome,TRUE,0.111514085,inferred,textfile,417580,38526387,1.22E-10,0.0019634,12,ebi-a-GCST90000616,Serum 25-Hydroxyvitamin D levels || id:ebi-a-GCST90000616,TRUE,reported,igd,2,TRUE,NA
11,rs111978466,T,C,T,C,0.0722109,-0.0316365,0.016725,0.9708595,FALSE,FALSE,FALSE,0zD98C,0.0305579,outcome,TRUE,0.300530264,inferred,textfile,417580,72580841,4.48E-21,0.00766512,4,ebi-a-GCST90000616,Serum 25-Hydroxyvitamin D levels || id:ebi-a-GCST90000616,TRUE,reported,igd,2,TRUE,NA
12,rs11249525,T,C,T,C,-0.0320467,0.0130248,0.454912,0.432613,FALSE,FALSE,FALSE,0zD98C,0.010341,outcome,TRUE,0.207838952,inferred,textfile,417580,69946641,1.10E-59,0.00196685,4,ebi-a-GCST90000616,Serum 25-Hydroxyvitamin D levels || id:ebi-a-GCST90000616,TRUE,reported,igd,2,TRUE,NA
13,rs11542462,A,G,A,G,-0.0231127,-0.0152781,0.134344,0.9058646,FALSE,FALSE,FALSE,0zD98C,0.0177975,outcome,TRUE,0.390649111,inferred,textfile,417580,82033810,8.70E-16,0.00287329,16,ebi-a-GCST90000616,Serum 25-Hydroxyvitamin D levels || id:ebi-a-GCST90000616,TRUE,reported,igd,2,TRUE,NA
15,rs116970203,A,G,A,G,-0.376651,0.0204842,0.027156,0.9797645,FALSE,FALSE,FALSE,0zD98C,0.0375087,outcome,TRUE,0.584984392,inferred,textfile,417580,14876718,1.00E-200,0.00602718,11,ebi-a-GCST90000616,Serum 25-Hydroxyvitamin D levels || id:ebi-a-GCST90000616,TRUE,reported,igd,2,TRUE,NA
17,rs12123821,T,C,T,C,0.077327,-0.0420519,0.047527,0.9607765,FALSE,FALSE,FALSE,0zD98C,0.0263169,outcome,TRUE,0.110064173,inferred,textfile,417580,152179152,2.87E-63,0.00460541,1,ebi-a-GCST90000616,Serum 25-Hydroxyvitamin D levels || id:ebi-a-GCST90000616,TRUE,reported,igd,2,TRUE,NA
18,rs12317268,G,A,G,A,-0.0209962,-0.00794977,0.151004,0.720293,FALSE,FALSE,FALSE,0zD98C,0.0114214,outcome,TRUE,0.486402752,inferred,textfile,417580,21352541,1.91E-14,0.0027423,12,ebi-a-GCST90000616,Serum 25-Hydroxyvitamin D levels || id:ebi-a-GCST90000616,TRUE,reported,igd,2,TRUE,NA
20,rs12949853,A,G,A,G,0.0140575,0.00803363,0.806744,0.17663,FALSE,FALSE,FALSE,0zD98C,0.0135932,outcome,TRUE,0.554518016,inferred,textfile,417580,7570878,2.92E-08,0.00253462,17,ebi-a-GCST90000616,Serum 25-Hydroxyvitamin D levels || id:ebi-a-GCST90000616,TRUE,reported,igd,2,TRUE,NA
21,rs13011615,T,A,T,A,0.0165882,0.00793013,0.135027,0.139123,FALSE,TRUE,FALSE,0zD98C,0.0147433,outcome,TRUE,0.590659719,inferred,textfile,417580,21274167,8.80E-09,0.0028837,2,ebi-a-GCST90000616,Serum 25-Hydroxyvitamin D levels || id:ebi-a-GCST90000616,TRUE,reported,igd,2,TRUE,NA
22,rs13284054,C,T,C,T,0.0180893,-0.0118806,0.117727,0.888795,FALSE,FALSE,FALSE,0zD98C,0.0166415,outcome,TRUE,0.475280354,inferred,textfile,417580,107669073,4.60E-09,0.00308629,9,ebi-a-GCST90000616,Serum 25-Hydroxyvitamin D levels || id:ebi-a-GCST90000616,TRUE,reported,igd,2,TRUE,NA
23,rs1352846,G,A,G,A,-0.193507,0.0220333,0.291433,0.789878,FALSE,FALSE,FALSE,0zD98C,0.012616,outcome,TRUE,0.080731594,inferred,textfile,417580,72617775,1.00E-200,0.00215738,4,ebi-a-GCST90000616,Serum 25-Hydroxyvitamin D levels || id:ebi-a-GCST90000616,TRUE,reported,igd,2,TRUE,NA
24,rs142004400,C,A,C,A,-0.0323463,0.0557088,0.034529,0.9797532,FALSE,FALSE,FALSE,0zD98C,0.0368363,outcome,TRUE,0.130448839,inferred,textfile,417580,50829560,1.83E-09,0.0053803,14,ebi-a-GCST90000616,Serum 25-Hydroxyvitamin D levels || id:ebi-a-GCST90000616,TRUE,reported,igd,2,TRUE,NA
25,rs142158911,A,G,A,G,0.0262209,-0.0149496,0.114608,0.898251,FALSE,FALSE,FALSE,0zD98C,0.0168524,outcome,TRUE,0.375030304,inferred,textfile,417580,11190534,2.55E-17,0.00309738,19,ebi-a-GCST90000616,Serum 25-Hydroxyvitamin D levels || id:ebi-a-GCST90000616,TRUE,reported,igd,2,TRUE,NA
26,rs143069752,A,T,A,T,0.0216873,0.0152577,0.067337,0.0592877,FALSE,TRUE,FALSE,0zD98C,0.0219813,outcome,TRUE,0.487605815,inferred,textfile,417580,40962537,3.39E-08,0.0039289,6,ebi-a-GCST90000616,Serum 25-Hydroxyvitamin D levels || id:ebi-a-GCST90000616,TRUE,reported,igd,2,TRUE,NA
27,rs1532085,G,A,G,A,0.0261854,-0.0225673,0.614835,0.422847,FALSE,FALSE,FALSE,0zD98C,0.0103715,outcome,TRUE,0.029563077,inferred,textfile,417580,58683366,1.25E-38,0.00201451,15,ebi-a-GCST90000616,Serum 25-Hydroxyvitamin D levels || id:ebi-a-GCST90000616,TRUE,reported,igd,2,TRUE,NA
28,rs1660818,A,G,A,G,0.0159158,0.0105474,0.323181,0.710655,FALSE,FALSE,FALSE,0zD98C,0.0113954,outcome,TRUE,0.354662208,inferred,textfile,417580,71028249,3.65E-14,0.00210164,11,ebi-a-GCST90000616,Serum 25-Hydroxyvitamin D levels || id:ebi-a-GCST90000616,TRUE,reported,igd,2,TRUE,NA
30,rs1858889,C,A,C,A,0.0111657,0.00461773,0.501537,0.539918,FALSE,FALSE,FALSE,0zD98C,0.010276,outcome,TRUE,0.653164497,inferred,textfile,417580,107117447,1.28E-08,0.00196262,7,ebi-a-GCST90000616,Serum 25-Hydroxyvitamin D levels || id:ebi-a-GCST90000616,TRUE,reported,igd,2,TRUE,NA
31,rs189407772,G,A,G,A,0.0525376,0.0884516,0.022694,0.99458746,FALSE,FALSE,FALSE,0zD98C,0.0715575,outcome,TRUE,0.216424645,inferred,textfile,417580,100146674,2.03E-15,0.00661736,4,ebi-a-GCST90000616,Serum 25-Hydroxyvitamin D levels || id:ebi-a-GCST90000616,TRUE,reported,igd,2,TRUE,NA
32,rs1966478,C,T,C,T,-0.0121919,-0.0187259,0.692972,0.322031,FALSE,FALSE,FALSE,0zD98C,0.0109508,outcome,TRUE,0.087265333,inferred,textfile,417580,118627319,1.09E-08,0.00213304,5,ebi-a-GCST90000616,Serum 25-Hydroxyvitamin D levels || id:ebi-a-GCST90000616,TRUE,reported,igd,2,TRUE,NA
33,rs2012736,A,C,A,C,-0.0482016,0.026888,0.080814,0.925344,FALSE,FALSE,FALSE,0zD98C,0.0196375,outcome,TRUE,0.170931435,inferred,textfile,417580,234622379,1.14E-40,0.00360987,2,ebi-a-GCST90000616,Serum 25-Hydroxyvitamin D levels || id:ebi-a-GCST90000616,TRUE,reported,igd,2,TRUE,NA
34,rs2037511,A,G,A,G,0.0173514,0.00263656,0.166007,0.839455,FALSE,FALSE,FALSE,0zD98C,0.0139136,outcome,TRUE,0.84970474,inferred,textfile,417580,61366207,4.85E-11,0.00263876,18,ebi-a-GCST90000616,Serum 25-Hydroxyvitamin D levels || id:ebi-a-GCST90000616,TRUE,reported,igd,2,TRUE,NA
35,rs2074735,C,G,C,G,0.0274185,0.0158171,0.064096,0.141822,FALSE,TRUE,FALSE,0zD98C,0.014692,outcome,TRUE,0.28166835,inferred,textfile,417580,31535872,7.89E-12,0.00400826,22,ebi-a-GCST90000616,Serum 25-Hydroxyvitamin D levels || id:ebi-a-GCST90000616,TRUE,reported,igd,2,TRUE,NA
36,rs212100,C,T,C,T,-0.0656512,0.0123284,0.835999,0.15038,FALSE,FALSE,FALSE,0zD98C,0.014272,outcome,TRUE,0.387688282,inferred,textfile,417580,48376995,1.38E-135,0.00264909,19,ebi-a-GCST90000616,Serum 25-Hydroxyvitamin D levels || id:ebi-a-GCST90000616,TRUE,reported,igd,2,TRUE,NA
37,rs2123930,A,G,A,G,-0.0142339,0.0128558,0.279422,0.682463,FALSE,FALSE,FALSE,0zD98C,0.0109847,outcome,TRUE,0.241865409,inferred,textfile,417580,100231033,9.14E-11,0.00219639,15,ebi-a-GCST90000616,Serum 25-Hydroxyvitamin D levels || id:ebi-a-GCST90000616,TRUE,reported,igd,2,TRUE,NA
38,rs2131925,T,G,T,G,-0.0220704,0.0101607,0.643625,0.264597,FALSE,FALSE,FALSE,0zD98C,0.0116467,outcome,TRUE,0.382984632,inferred,textfile,417580,63025942,5.84E-27,0.00205279,1,ebi-a-GCST90000616,Serum 25-Hydroxyvitamin D levels || id:ebi-a-GCST90000616,TRUE,reported,igd,2,TRUE,NA
39,rs2207132,A,G,A,G,-0.0371561,0.0173956,0.03289,0.934661,FALSE,FALSE,FALSE,0zD98C,0.0208017,outcome,TRUE,0.403009452,inferred,textfile,417580,39142516,1.34E-11,0.00549277,20,ebi-a-GCST90000616,Serum 25-Hydroxyvitamin D levels || id:ebi-a-GCST90000616,TRUE,reported,igd,2,TRUE,NA
40,rs2229742,C,G,C,G,-0.0248803,-0.0157926,0.103451,0.11212,FALSE,TRUE,FALSE,0zD98C,0.0164453,outcome,TRUE,0.336898792,inferred,textfile,417580,16339172,1.12E-14,0.00322071,21,ebi-a-GCST90000616,Serum 25-Hydroxyvitamin D levels || id:ebi-a-GCST90000616,TRUE,reported,igd,2,TRUE,NA
42,rs2248551,A,G,A,G,-0.0213336,0.00473535,0.165222,0.788721,FALSE,FALSE,FALSE,0zD98C,0.0125313,outcome,TRUE,0.705518415,inferred,textfile,417580,131924689,6.67E-16,0.00264146,6,ebi-a-GCST90000616,Serum 25-Hydroxyvitamin D levels || id:ebi-a-GCST90000616,TRUE,reported,igd,2,TRUE,NA
43,rs2276360,C,G,C,G,0.110807,-0.0137052,0.787561,0.608779,FALSE,TRUE,FALSE,0zD98C,0.0104891,outcome,TRUE,0.191343998,inferred,textfile,417580,71169547,1.00E-200,0.00239502,11,ebi-a-GCST90000616,Serum 25-Hydroxyvitamin D levels || id:ebi-a-GCST90000616,TRUE,reported,igd,2,TRUE,NA
45,rs2642439,G,A,G,A,-0.0149512,0.0207869,0.685074,0.287866,FALSE,FALSE,FALSE,0zD98C,0.0113941,outcome,TRUE,0.068098199,inferred,textfile,417580,220970499,1.47E-12,0.00211251,1,ebi-a-GCST90000616,Serum 25-Hydroxyvitamin D levels || id:ebi-a-GCST90000616,TRUE,reported,igd,2,TRUE,NA
47,rs2756119,A,G,A,G,0.0127471,-0.00812805,0.383223,0.617843,FALSE,FALSE,FALSE,0zD98C,0.0105846,outcome,TRUE,0.442538982,inferred,textfile,417580,104001517,4.25E-10,0.00204132,14,ebi-a-GCST90000616,Serum 25-Hydroxyvitamin D levels || id:ebi-a-GCST90000616,TRUE,reported,igd,2,TRUE,NA
48,rs28407950,T,C,T,C,-0.0139759,0.0171622,0.244118,0.6634,FALSE,FALSE,FALSE,0zD98C,0.0109046,outcome,TRUE,0.115522231,inferred,textfile,417580,32626348,9.41E-10,0.00228396,6,ebi-a-GCST90000616,Serum 25-Hydroxyvitamin D levels || id:ebi-a-GCST90000616,TRUE,reported,igd,2,TRUE,NA
49,rs2847500,A,G,A,G,-0.0221293,0.0119777,0.123503,0.851638,FALSE,FALSE,FALSE,0zD98C,0.0145585,outcome,TRUE,0.410662126,inferred,textfile,417580,120114421,1.15E-13,0.00298138,11,ebi-a-GCST90000616,Serum 25-Hydroxyvitamin D levels || id:ebi-a-GCST90000616,TRUE,reported,igd,2,TRUE,NA
50,rs293435,T,C,T,C,-0.0176124,0.0021948,0.286268,0.592314,FALSE,FALSE,FALSE,0zD98C,0.01046,outcome,TRUE,0.833801984,inferred,textfile,417580,69588052,5.10E-16,0.00217195,4,ebi-a-GCST90000616,Serum 25-Hydroxyvitamin D levels || id:ebi-a-GCST90000616,TRUE,reported,igd,2,TRUE,NA
51,rs2952289,T,C,T,C,0.0175965,-0.0125243,0.798032,0.178628,FALSE,FALSE,FALSE,0zD98C,0.0134034,outcome,TRUE,0.350091325,inferred,textfile,417580,66464414,7.49E-13,0.00245415,17,ebi-a-GCST90000616,Serum 25-Hydroxyvitamin D levels || id:ebi-a-GCST90000616,TRUE,reported,igd,2,TRUE,NA
52,rs33981819,G,T,G,T,0.0115833,0.0164977,0.461016,0.491322,FALSE,FALSE,FALSE,0zD98C,0.0102451,outcome,TRUE,0.10733205,inferred,textfile,417580,66079361,4.09E-09,0.0019698,11,ebi-a-GCST90000616,Serum 25-Hydroxyvitamin D levels || id:ebi-a-GCST90000616,TRUE,reported,igd,2,TRUE,NA
54,rs34726834,T,C,T,C,0.014763,-0.0100123,0.251983,0.70443,FALSE,FALSE,FALSE,0zD98C,0.0112038,outcome,TRUE,0.371508033,inferred,textfile,417580,25889606,8.24E-11,0.00227261,8,ebi-a-GCST90000616,Serum 25-Hydroxyvitamin D levels || id:ebi-a-GCST90000616,TRUE,reported,igd,2,TRUE,NA
55,rs34993776,T,C,T,C,0.0160261,0.00612253,0.199204,0.715973,FALSE,FALSE,FALSE,0zD98C,0.0113991,outcome,TRUE,0.591194094,inferred,textfile,417580,91441689,6.99E-11,0.00245766,10,ebi-a-GCST90000616,Serum 25-Hydroxyvitamin D levels || id:ebi-a-GCST90000616,TRUE,reported,igd,2,TRUE,NA
56,rs35408430,T,C,T,C,-0.0215783,-0.00507158,0.342194,0.631875,FALSE,FALSE,FALSE,0zD98C,0.0106697,outcome,TRUE,0.634555019,inferred,textfile,417580,17560195,1.72E-25,0.00206787,1,ebi-a-GCST90000616,Serum 25-Hydroxyvitamin D levels || id:ebi-a-GCST90000616,TRUE,reported,igd,2,TRUE,NA
57,rs36037728,T,C,T,C,-0.0581945,0.0163888,0.026185,0.980812,FALSE,FALSE,FALSE,0zD98C,0.0379487,outcome,TRUE,0.665837912,inferred,textfile,417580,71111987,2.50E-21,0.00613762,11,ebi-a-GCST90000616,Serum 25-Hydroxyvitamin D levels || id:ebi-a-GCST90000616,TRUE,reported,igd,2,TRUE,NA
58,rs3745669,C,T,C,T,-0.0127779,0.0055223,0.372058,0.66424,FALSE,FALSE,FALSE,0zD98C,0.010856,outcome,TRUE,0.610972028,inferred,textfile,417580,11943852,3.19E-10,0.00203169,19,ebi-a-GCST90000616,Serum 25-Hydroxyvitamin D levels || id:ebi-a-GCST90000616,TRUE,reported,igd,2,TRUE,NA
59,rs3814995,T,C,T,C,-0.0125506,0.0108881,0.311595,0.637156,FALSE,FALSE,FALSE,0zD98C,0.010804,outcome,TRUE,0.313558095,inferred,textfile,417580,36342212,3.06E-09,0.0021171,19,ebi-a-GCST90000616,Serum 25-Hydroxyvitamin D levels || id:ebi-a-GCST90000616,TRUE,reported,igd,2,TRUE,NA
60,rs3890624,G,A,G,A,0.0115865,-0.00751104,0.395078,0.649201,FALSE,FALSE,FALSE,0zD98C,0.0108542,outcome,TRUE,0.488941171,inferred,textfile,417580,166251068,1.32E-08,0.00203874,4,ebi-a-GCST90000616,Serum 25-Hydroxyvitamin D levels || id:ebi-a-GCST90000616,TRUE,reported,igd,2,TRUE,NA
61,rs4121823,A,T,A,T,-0.0185463,0.0229569,0.845333,0.837804,FALSE,TRUE,FALSE,0zD98C,0.0140561,outcome,TRUE,0.102419798,inferred,textfile,417580,47144223,1.20E-11,0.00273556,18,ebi-a-GCST90000616,Serum 25-Hydroxyvitamin D levels || id:ebi-a-GCST90000616,TRUE,reported,igd,2,TRUE,NA
62,rs41301394,T,C,T,C,0.0120574,0.000667552,0.281812,0.613727,FALSE,FALSE,FALSE,0zD98C,0.0105052,outcome,TRUE,0.949332598,inferred,textfile,417580,75612803,3.19E-08,0.00218002,7,ebi-a-GCST90000616,Serum 25-Hydroxyvitamin D levels || id:ebi-a-GCST90000616,TRUE,reported,igd,2,TRUE,NA
63,rs4364259,A,G,A,G,0.0164171,-0.0112271,0.202148,0.778811,FALSE,FALSE,FALSE,0zD98C,0.0124819,outcome,TRUE,0.368402138,inferred,textfile,417580,15892159,2.88E-11,0.00246779,4,ebi-a-GCST90000616,Serum 25-Hydroxyvitamin D levels || id:ebi-a-GCST90000616,TRUE,reported,igd,2,TRUE,NA
64,rs4418728,T,G,T,G,0.0120188,-0.00463446,0.451688,0.530949,FALSE,FALSE,FALSE,0zD98C,0.0102459,outcome,TRUE,0.651036044,inferred,textfile,417580,94839724,1.05E-09,0.00196957,10,ebi-a-GCST90000616,Serum 25-Hydroxyvitamin D levels || id:ebi-a-GCST90000616,TRUE,reported,igd,2,TRUE,NA
65,rs4616820,T,C,T,C,-0.0123381,0.00179753,0.464954,0.557158,FALSE,FALSE,FALSE,0zD98C,0.0103082,outcome,TRUE,0.861567892,inferred,textfile,417580,57745481,5.30E-10,0.00198682,4,ebi-a-GCST90000616,Serum 25-Hydroxyvitamin D levels || id:ebi-a-GCST90000616,TRUE,reported,igd,2,TRUE,NA
66,rs512083,C,T,C,T,0.0117619,-0.00425759,0.460815,0.512205,FALSE,FALSE,FALSE,0zD98C,0.0102681,outcome,TRUE,0.678403678,inferred,textfile,417580,46027355,2.64E-09,0.00197592,1,ebi-a-GCST90000616,Serum 25-Hydroxyvitamin D levels || id:ebi-a-GCST90000616,TRUE,reported,igd,2,TRUE,NA
67,rs55707527,T,G,T,G,0.0147759,-0.02385,0.219948,0.780909,FALSE,FALSE,FALSE,0zD98C,0.0123883,outcome,TRUE,0.054203889,inferred,textfile,417580,41769113,5.27E-10,0.00237903,1,ebi-a-GCST90000616,Serum 25-Hydroxyvitamin D levels || id:ebi-a-GCST90000616,TRUE,reported,igd,2,TRUE,NA
68,rs57459725,G,C,G,C,-0.0171173,0.00512632,0.1329,0.17166,FALSE,TRUE,FALSE,0zD98C,0.0135481,outcome,TRUE,0.705148876,inferred,textfile,417580,61312205,3.43E-09,0.00289651,8,ebi-a-GCST90000616,Serum 25-Hydroxyvitamin D levels || id:ebi-a-GCST90000616,TRUE,reported,igd,2,TRUE,NA
69,rs575976,G,A,G,A,0.0155838,-0.00471807,0.181981,0.695449,FALSE,FALSE,FALSE,0zD98C,0.0111155,outcome,TRUE,0.671231364,inferred,textfile,417580,75437630,1.06E-09,0.00255451,11,ebi-a-GCST90000616,Serum 25-Hydroxyvitamin D levels || id:ebi-a-GCST90000616,TRUE,reported,igd,2,TRUE,NA
70,rs5771043,A,G,A,G,-0.0123395,-0.0161568,0.327884,0.596202,FALSE,FALSE,FALSE,0zD98C,0.0104258,outcome,TRUE,0.121214972,inferred,textfile,417580,50867268,3.46E-09,0.0020886,22,ebi-a-GCST90000616,Serum 25-Hydroxyvitamin D levels || id:ebi-a-GCST90000616,TRUE,reported,igd,2,TRUE,NA
71,rs58387006,C,A,C,A,-0.0135048,0.00191314,0.22182,0.768727,FALSE,FALSE,FALSE,0zD98C,0.0121741,outcome,TRUE,0.875127916,inferred,textfile,417580,32579999,1.09E-08,0.00236253,2,ebi-a-GCST90000616,Serum 25-Hydroxyvitamin D levels || id:ebi-a-GCST90000616,TRUE,reported,igd,2,TRUE,NA
72,rs6003465,C,T,C,T,-0.0121022,-0.00724964,0.331994,0.727998,FALSE,FALSE,FALSE,0zD98C,0.0115166,outcome,TRUE,0.529025161,inferred,textfile,417580,23365501,7.12E-09,0.00209089,22,ebi-a-GCST90000616,Serum 25-Hydroxyvitamin D levels || id:ebi-a-GCST90000616,TRUE,reported,igd,2,TRUE,NA
73,rs61816766,C,T,C,T,0.08652,-0.0881365,0.029104,0.99209229,FALSE,FALSE,FALSE,0zD98C,0.0601289,outcome,TRUE,0.142704783,inferred,textfile,417580,152319572,3.05E-49,0.00586552,1,ebi-a-GCST90000616,Serum 25-Hydroxyvitamin D levels || id:ebi-a-GCST90000616,TRUE,reported,igd,2,TRUE,NA
74,rs62007299,A,G,A,G,-0.011876,-0.00332029,0.712537,0.323723,FALSE,FALSE,FALSE,0zD98C,0.0109352,outcome,TRUE,0.761407339,inferred,textfile,417580,77711719,4.20E-08,0.0021662,15,ebi-a-GCST90000616,Serum 25-Hydroxyvitamin D levels || id:ebi-a-GCST90000616,TRUE,reported,igd,2,TRUE,NA
75,rs62012775,T,A,T,A,-0.0159691,0.0174289,0.175942,0.233934,FALSE,TRUE,FALSE,0zD98C,0.0121061,outcome,TRUE,0.149958189,inferred,textfile,417580,63871274,5.79E-10,0.00257731,15,ebi-a-GCST90000616,Serum 25-Hydroxyvitamin D levels || id:ebi-a-GCST90000616,TRUE,reported,igd,2,TRUE,NA
76,rs62115743,T,C,T,C,0.0268038,-0.0218917,0.081544,0.899993,FALSE,FALSE,FALSE,0zD98C,0.017034,outcome,TRUE,0.198730542,inferred,textfile,417580,51514874,1.24E-13,0.00361606,19,ebi-a-GCST90000616,Serum 25-Hydroxyvitamin D levels || id:ebi-a-GCST90000616,TRUE,reported,igd,2,TRUE,NA
77,rs62318873,T,C,T,C,0.0538922,-0.0202278,0.046647,0.9628813,FALSE,FALSE,FALSE,0zD98C,0.0274764,outcome,TRUE,0.461616205,inferred,textfile,417580,72745430,1.93E-30,0.00469974,4,ebi-a-GCST90000616,Serum 25-Hydroxyvitamin D levels || id:ebi-a-GCST90000616,TRUE,reported,igd,2,TRUE,NA
78,rs6438900,G,C,G,C,0.013338,0.000123512,0.258009,0.305578,FALSE,TRUE,FALSE,0zD98C,0.0111562,outcome,TRUE,0.991166678,inferred,textfile,417580,125148287,3.53E-09,0.00225881,3,ebi-a-GCST90000616,Serum 25-Hydroxyvitamin D levels || id:ebi-a-GCST90000616,TRUE,reported,igd,2,TRUE,NA
79,rs6547409,T,C,T,C,0.0275138,0.0333406,0.049783,0.9230294,FALSE,FALSE,FALSE,0zD98C,0.0192093,outcome,TRUE,0.082625938,inferred,textfile,417580,21190209,1.19E-09,0.00452427,2,ebi-a-GCST90000616,Serum 25-Hydroxyvitamin D levels || id:ebi-a-GCST90000616,TRUE,reported,igd,2,TRUE,NA
80,rs6671730,A,G,A,G,-0.0148007,0.00348346,0.434286,0.512951,FALSE,FALSE,FALSE,0zD98C,0.0102523,outcome,TRUE,0.734027095,inferred,textfile,417580,2339139,7.76E-14,0.0019802,1,ebi-a-GCST90000616,Serum 25-Hydroxyvitamin D levels || id:ebi-a-GCST90000616,TRUE,reported,igd,2,TRUE,NA
81,rs6672758,T,C,T,C,0.0164256,0.0152727,0.800872,0.258526,FALSE,FALSE,FALSE,0zD98C,0.011721,outcome,TRUE,0.192567858,inferred,textfile,417580,230303512,2.98E-11,0.00247083,1,ebi-a-GCST90000616,Serum 25-Hydroxyvitamin D levels || id:ebi-a-GCST90000616,TRUE,reported,igd,2,TRUE,NA
83,rs6782190,A,G,A,G,-0.0189783,-0.00816259,0.647512,0.27241,FALSE,FALSE,FALSE,0zD98C,0.0115432,outcome,TRUE,0.479483165,inferred,textfile,417580,85639672,2.32E-20,0.00205245,3,ebi-a-GCST90000616,Serum 25-Hydroxyvitamin D levels || id:ebi-a-GCST90000616,TRUE,reported,igd,2,TRUE,NA
84,rs6834488,T,C,T,C,-0.0144983,-0.013997,0.423718,0.673614,FALSE,FALSE,FALSE,0zD98C,0.0109751,outcome,TRUE,0.202188411,inferred,textfile,417580,88178919,3.26E-13,0.00199061,4,ebi-a-GCST90000616,Serum 25-Hydroxyvitamin D levels || id:ebi-a-GCST90000616,TRUE,reported,igd,2,TRUE,NA
85,rs700065,T,G,T,G,-0.0184958,-0.0106714,0.860742,0.169955,FALSE,FALSE,FALSE,0zD98C,0.0135715,outcome,TRUE,0.431686161,inferred,textfile,417580,125833669,6.60E-11,0.00283268,9,ebi-a-GCST90000616,Serum 25-Hydroxyvitamin D levels || id:ebi-a-GCST90000616,TRUE,reported,igd,2,TRUE,NA
86,rs7128011,A,G,A,G,-0.0750035,-0.00192633,0.368161,0.647031,FALSE,FALSE,FALSE,0zD98C,0.0106919,outcome,TRUE,0.857021285,inferred,textfile,417580,14462532,1.00E-200,0.00204472,11,ebi-a-GCST90000616,Serum 25-Hydroxyvitamin D levels || id:ebi-a-GCST90000616,TRUE,reported,igd,2,TRUE,NA
87,rs71297391,T,C,T,C,0.0249183,-0.0473316,0.048274,0.964048,FALSE,FALSE,FALSE,0zD98C,0.0276521,outcome,TRUE,0.0869553,inferred,textfile,417580,52376773,4.84E-08,0.00456623,3,ebi-a-GCST90000616,Serum 25-Hydroxyvitamin D levels || id:ebi-a-GCST90000616,TRUE,reported,igd,2,TRUE,NA
88,rs727857,A,G,A,G,-0.0114596,0.010066,0.611489,0.461675,FALSE,FALSE,FALSE,0zD98C,0.0102909,outcome,TRUE,0.328002248,inferred,textfile,417580,58981967,1.66E-08,0.00203019,2,ebi-a-GCST90000616,Serum 25-Hydroxyvitamin D levels || id:ebi-a-GCST90000616,TRUE,reported,igd,2,TRUE,NA
90,rs73413596,C,T,C,T,0.0229711,-0.0132802,0.073854,0.9414753,FALSE,FALSE,FALSE,0zD98C,0.0221028,outcome,TRUE,0.547947956,inferred,textfile,417580,111582630,1.08E-09,0.00376755,12,ebi-a-GCST90000616,Serum 25-Hydroxyvitamin D levels || id:ebi-a-GCST90000616,TRUE,reported,igd,2,TRUE,NA
91,rs7528419,G,A,G,A,0.0200051,0.00503649,0.224671,0.785058,FALSE,FALSE,FALSE,0zD98C,0.0124948,outcome,TRUE,0.686884309,inferred,textfile,417580,109817192,1.75E-17,0.00235095,1,ebi-a-GCST90000616,Serum 25-Hydroxyvitamin D levels || id:ebi-a-GCST90000616,TRUE,reported,igd,2,TRUE,NA
93,rs75765985,A,G,A,G,0.0527492,-0.062444,0.016497,0.9794232,FALSE,FALSE,FALSE,0zD98C,0.0366714,outcome,TRUE,0.088605809,inferred,textfile,417580,72375333,9.22E-12,0.00773651,4,ebi-a-GCST90000616,Serum 25-Hydroxyvitamin D levels || id:ebi-a-GCST90000616,TRUE,reported,igd,2,TRUE,NA
94,rs77037130,A,G,A,G,-0.0672943,-0.0466957,0.015228,0.9842799,FALSE,FALSE,FALSE,0zD98C,0.0410706,outcome,TRUE,0.255554289,inferred,textfile,417580,14467795,4.06E-17,0.00800051,11,ebi-a-GCST90000616,Serum 25-Hydroxyvitamin D levels || id:ebi-a-GCST90000616,TRUE,reported,igd,2,TRUE,NA
95,rs77924615,A,G,A,G,-0.0152505,-0.00265092,0.193485,0.776126,FALSE,FALSE,FALSE,0zD98C,0.0124092,outcome,TRUE,0.83083921,inferred,textfile,417580,20392332,1.28E-09,0.0025127,16,ebi-a-GCST90000616,Serum 25-Hydroxyvitamin D levels || id:ebi-a-GCST90000616,TRUE,reported,igd,2,TRUE,NA
96,rs78649910,A,T,A,T,-0.0198588,0.0063358,0.106179,0.121352,FALSE,TRUE,FALSE,0zD98C,0.0157126,outcome,TRUE,0.686778643,inferred,textfile,417580,3482213,5.61E-10,0.00320252,4,ebi-a-GCST90000616,Serum 25-Hydroxyvitamin D levels || id:ebi-a-GCST90000616,TRUE,reported,igd,2,TRUE,NA
97,rs8018720,C,G,C,G,-0.0379615,0.0081772,0.823327,0.849682,FALSE,TRUE,FALSE,0zD98C,0.0144984,outcome,TRUE,0.572749325,inferred,textfile,417580,39556185,2.11E-49,0.00256924,14,ebi-a-GCST90000616,Serum 25-Hydroxyvitamin D levels || id:ebi-a-GCST90000616,TRUE,reported,igd,2,TRUE,NA
98,rs80204526,A,C,A,C,-0.0525662,0.0877225,0.010629,0.99485013,FALSE,FALSE,FALSE,0zD98C,0.0745198,outcome,TRUE,0.239127515,inferred,textfile,417580,47066144,3.91E-08,0.00956611,18,ebi-a-GCST90000616,Serum 25-Hydroxyvitamin D levels || id:ebi-a-GCST90000616,TRUE,reported,igd,2,TRUE,NA
99,rs804281,G,A,G,A,0.0152639,-0.0137189,0.583605,0.316822,FALSE,FALSE,FALSE,0zD98C,0.0111373,outcome,TRUE,0.21802468,inferred,textfile,417580,11611865,1.75E-14,0.00199057,8,ebi-a-GCST90000616,Serum 25-Hydroxyvitamin D levels || id:ebi-a-GCST90000616,TRUE,reported,igd,2,TRUE,NA
100,rs8063565,C,G,C,G,0.0130823,0.00170539,0.733582,0.708858,FALSE,TRUE,FALSE,0zD98C,0.0112838,outcome,TRUE,0.879868323,inferred,textfile,417580,30883965,3.65E-09,0.00221764,16,ebi-a-GCST90000616,Serum 25-Hydroxyvitamin D levels || id:ebi-a-GCST90000616,TRUE,reported,igd,2,TRUE,NA
101,rs8091117,A,C,A,C,-0.0256002,-0.0136177,0.065298,0.9212035,FALSE,FALSE,FALSE,0zD98C,0.0190802,outcome,TRUE,0.475407479,inferred,textfile,417580,28919794,1.09E-10,0.00396694,18,ebi-a-GCST90000616,Serum 25-Hydroxyvitamin D levels || id:ebi-a-GCST90000616,TRUE,reported,igd,2,TRUE,NA
102,rs8107974,T,A,T,A,0.0385453,-0.00134612,0.076243,0.0652753,FALSE,TRUE,FALSE,0zD98C,0.0209027,outcome,TRUE,0.948652259,inferred,textfile,417580,19388500,1.84E-25,0.00369622,19,ebi-a-GCST90000616,Serum 25-Hydroxyvitamin D levels || id:ebi-a-GCST90000616,TRUE,reported,igd,2,TRUE,NA
103,rs8121940,G,C,G,C,-0.0377054,0.0210961,0.195249,0.233267,FALSE,TRUE,FALSE,0zD98C,0.0121472,outcome,TRUE,0.082439298,inferred,textfile,417580,52742306,1.88E-52,0.00247391,20,ebi-a-GCST90000616,Serum 25-Hydroxyvitamin D levels || id:ebi-a-GCST90000616,TRUE,reported,igd,2,TRUE,NA
104,rs8123293,G,A,G,A,0.028362,-0.00985161,0.11305,0.815395,FALSE,FALSE,FALSE,0zD98C,0.0132443,outcome,TRUE,0.456974653,inferred,textfile,417580,52718555,5.19E-20,0.00309628,20,ebi-a-GCST90000616,Serum 25-Hydroxyvitamin D levels || id:ebi-a-GCST90000616,TRUE,reported,igd,2,TRUE,NA
105,rs9476310,T,C,T,C,0.0116428,-0.0020024,0.511363,0.448069,FALSE,FALSE,FALSE,0zD98C,0.0102833,outcome,TRUE,0.845609426,inferred,textfile,417580,57767576,3.45E-09,0.00197047,6,ebi-a-GCST90000616,Serum 25-Hydroxyvitamin D levels || id:ebi-a-GCST90000616,TRUE,reported,igd,2,TRUE,NA
106,rs9490317,C,T,C,T,0.0110474,0.00572642,0.445894,0.536644,FALSE,FALSE,FALSE,0zD98C,0.0102788,outcome,TRUE,0.577452426,inferred,textfile,417580,121859499,2.46E-08,0.0019812,6,ebi-a-GCST90000616,Serum 25-Hydroxyvitamin D levels || id:ebi-a-GCST90000616,TRUE,reported,igd,2,TRUE,NA
107,rs964184,C,G,C,G,0.0432954,0.000730505,0.868376,0.854639,FALSE,TRUE,FALSE,0zD98C,0.0145525,outcome,TRUE,0.959964682,inferred,textfile,417580,116648917,2.03E-50,0.00289945,11,ebi-a-GCST90000616,Serum 25-Hydroxyvitamin D levels || id:ebi-a-GCST90000616,TRUE,reported,igd,2,TRUE,NA
108,rs9861009,C,T,C,T,0.0146893,0.00114721,0.727515,0.25935,FALSE,FALSE,FALSE,0zD98C,0.0117425,outcome,TRUE,0.922172696,inferred,textfile,417580,141654685,3.57E-11,0.00221867,3,ebi-a-GCST90000616,Serum 25-Hydroxyvitamin D levels || id:ebi-a-GCST90000616,TRUE,reported,igd,2,TRUE,NA
