effect_allele,other_allele,pval,beta,se,eaf,outcome,mr_keep.outcome,pval_origin.outcome,id.outcome,data_source.outcome,SNP
C,G,0.287969,0.0120711,0.0113601,0.286732,outcome,TRUE,reported,q5zkir,textfile,rs10083762
T,C,0.874801,-0.00177647,0.0112746,0.294311,outcome,TRUE,reported,q5zkir,textfile,rs10085881
C,T,0.383448,0.00903156,0.0103625,0.574035,outcome,TRUE,reported,q5zkir,textfile,rs1038165
C,T,0.682488,0.00489446,0.0119648,0.241771,outcome,TRUE,reported,q5zkir,textfile,rs10454087
C,A,0.205681,0.013891,0.0109764,0.320889,outcome,TRUE,reported,q5zkir,textfile,rs1047891
A,G,0.714593,0.00416959,0.0114019,0.276713,outcome,TRUE,reported,q5zkir,textfile,rs10766281
C,T,0.0820182,0.0178251,0.0102497,0.483683,outcome,TRUE,reported,q5zkir,textfile,rs10822145
T,C,0.364634,0.00980064,0.0108107,0.662333,outcome,TRUE,reported,q5zkir,textfile,rs10859995
A,G,0.203843,0.0172808,0.0135997,0.172824,outcome,TRUE,reported,q5zkir,textfile,rs11076175
T,C,0.111513,0.0163382,0.0102664,0.478388,outcome,TRUE,reported,q5zkir,textfile,rs11182428
C,T,0.300531,0.0316365,0.0305579,0.0291405,outcome,TRUE,reported,q5zkir,textfile,rs111978466
C,T,0.207842,-0.0130248,0.010341,0.567387,outcome,TRUE,reported,q5zkir,textfile,rs11249525
G,A,0.39065,0.0152781,0.0177975,0.0941354,outcome,TRUE,reported,q5zkir,textfile,rs11542462
C,G,0.0478366,0.021284,0.0107559,0.364314,outcome,TRUE,reported,q5zkir,textfile,rs11606
G,A,0.584984,-0.0204842,0.0375087,0.0202355,outcome,TRUE,reported,q5zkir,textfile,rs116970203
T,G,0.0314543,0.0221134,0.0102792,0.524548,outcome,TRUE,reported,q5zkir,textfile,rs12056768
C,T,0.110065,0.0420519,0.0263169,0.0392235,outcome,TRUE,reported,q5zkir,textfile,rs12123821
A,G,0.486402,0.00794977,0.0114214,0.279707,outcome,TRUE,reported,q5zkir,textfile,rs12317268
T,C,0.00351755,-0.0312848,0.0107196,0.650124,outcome,TRUE,reported,q5zkir,textfile,rs1260326
G,A,0.554517,-0.00803363,0.0135932,0.82337,outcome,TRUE,reported,q5zkir,textfile,rs12949853
A,T,0.590661,0.00793013,0.0147433,0.139123,outcome,TRUE,reported,q5zkir,textfile,rs13011615
T,C,0.475283,0.0118806,0.0166415,0.111205,outcome,TRUE,reported,q5zkir,textfile,rs13284054
A,G,0.0807309,-0.0220333,0.012616,0.210122,outcome,TRUE,reported,q5zkir,textfile,rs1352846
A,C,0.130449,-0.0557088,0.0368363,0.0202468,outcome,TRUE,reported,q5zkir,textfile,rs142004400
G,A,0.37503,0.0149496,0.0168524,0.101749,outcome,TRUE,reported,q5zkir,textfile,rs142158911
T,A,0.487607,0.0152577,0.0219813,0.0592877,outcome,TRUE,reported,q5zkir,textfile,rs143069752
A,G,0.0295631,0.0225673,0.0103715,0.577153,outcome,TRUE,reported,q5zkir,textfile,rs1532085
G,A,0.354663,-0.0105474,0.0113954,0.289345,outcome,TRUE,reported,q5zkir,textfile,rs1660818
C,T,0.00780082,0.0312646,0.0117511,0.248438,outcome,TRUE,reported,q5zkir,textfile,rs1800588
A,C,0.653167,-0.00461773,0.010276,0.460082,outcome,TRUE,reported,q5zkir,textfile,rs1858889
A,G,0.216425,-0.0884516,0.0715575,0.00541254,outcome,TRUE,reported,q5zkir,textfile,rs189407772
T,C,0.087265,0.0187259,0.0109508,0.677969,outcome,TRUE,reported,q5zkir,textfile,rs1966478
C,A,0.170931,-0.026888,0.0196375,0.074656,outcome,TRUE,reported,q5zkir,textfile,rs2012736
G,A,0.849705,-0.00263656,0.0139136,0.160545,outcome,TRUE,reported,q5zkir,textfile,rs2037511
G,C,0.281666,0.0158171,0.014692,0.141822,outcome,TRUE,reported,q5zkir,textfile,rs2074735
T,C,0.387689,-0.0123284,0.014272,0.84962,outcome,TRUE,reported,q5zkir,textfile,rs212100
G,A,0.241862,-0.0128558,0.0109847,0.317537,outcome,TRUE,reported,q5zkir,textfile,rs2123930
G,T,0.382983,-0.0101607,0.0116467,0.735403,outcome,TRUE,reported,q5zkir,textfile,rs2131925
G,A,0.403009,-0.0173956,0.0208017,0.065339,outcome,TRUE,reported,q5zkir,textfile,rs2207132
G,C,0.336898,-0.0157926,0.0164453,0.11212,outcome,TRUE,reported,q5zkir,textfile,rs2229742
A,T,0.000530188,0.0369975,0.0106774,0.362469,outcome,TRUE,reported,q5zkir,textfile,rs2246832
G,A,0.705518,-0.00473535,0.0125313,0.211279,outcome,TRUE,reported,q5zkir,textfile,rs2248551
G,C,0.191347,-0.0137052,0.0104891,0.608779,outcome,TRUE,reported,q5zkir,textfile,rs2276360
A,C,0.0275068,-0.0311512,0.0141323,0.844108,outcome,TRUE,reported,q5zkir,textfile,rs2346264
A,G,0.0680973,-0.0207869,0.0113941,0.712134,outcome,TRUE,reported,q5zkir,textfile,rs2642439
G,A,0.00284354,0.0307576,0.0103069,0.443546,outcome,TRUE,reported,q5zkir,textfile,rs2659007
G,A,0.442537,0.00812805,0.0105846,0.382157,outcome,TRUE,reported,q5zkir,textfile,rs2756119
C,T,0.115521,-0.0171622,0.0109046,0.3366,outcome,TRUE,reported,q5zkir,textfile,rs28407950
G,A,0.410663,-0.0119777,0.0145585,0.148362,outcome,TRUE,reported,q5zkir,textfile,rs2847500
C,T,0.833802,-0.0021948,0.01046,0.407686,outcome,TRUE,reported,q5zkir,textfile,rs293435
C,T,0.350092,0.0125243,0.0134034,0.821372,outcome,TRUE,reported,q5zkir,textfile,rs2952289
T,G,0.10733,-0.0164977,0.0102451,0.508678,outcome,TRUE,reported,q5zkir,textfile,rs33981819
T,G,0.013038,-0.0286481,0.011539,0.268475,outcome,TRUE,reported,q5zkir,textfile,rs34284484
C,T,0.37151,0.0100123,0.0112038,0.29557,outcome,TRUE,reported,q5zkir,textfile,rs34726834
C,T,0.591195,-0.00612253,0.0113991,0.284027,outcome,TRUE,reported,q5zkir,textfile,rs34993776
C,T,0.634555,0.00507158,0.0106697,0.368125,outcome,TRUE,reported,q5zkir,textfile,rs35408430
C,T,0.665839,-0.0163888,0.0379487,0.019188,outcome,TRUE,reported,q5zkir,textfile,rs36037728
T,C,0.610972,-0.0055223,0.010856,0.33576,outcome,TRUE,reported,q5zkir,textfile,rs3745669
C,T,0.313559,-0.0108881,0.010804,0.362844,outcome,TRUE,reported,q5zkir,textfile,rs3814995
A,G,0.488942,0.00751104,0.0108542,0.350799,outcome,TRUE,reported,q5zkir,textfile,rs3890624
T,A,0.102419,0.0229569,0.0140561,0.837804,outcome,TRUE,reported,q5zkir,textfile,rs4121823
C,T,0.949332,-0.000667552,0.0105052,0.386273,outcome,TRUE,reported,q5zkir,textfile,rs41301394
G,A,0.368401,0.0112271,0.0124819,0.221189,outcome,TRUE,reported,q5zkir,textfile,rs4364259
G,T,0.651034,0.00463446,0.0102459,0.469051,outcome,TRUE,reported,q5zkir,textfile,rs4418728
C,T,0.861568,-0.00179753,0.0103082,0.442842,outcome,TRUE,reported,q5zkir,textfile,rs4616820
T,C,0.678403,0.00425759,0.0102681,0.487795,outcome,TRUE,reported,q5zkir,textfile,rs512083
G,T,0.0542026,0.02385,0.0123883,0.219091,outcome,TRUE,reported,q5zkir,textfile,rs55707527
C,G,0.705149,0.00512632,0.0135481,0.17166,outcome,TRUE,reported,q5zkir,textfile,rs57459725
A,G,0.671229,0.00471807,0.0111155,0.304551,outcome,TRUE,reported,q5zkir,textfile,rs575976
G,A,0.121214,0.0161568,0.0104258,0.403798,outcome,TRUE,reported,q5zkir,textfile,rs5771043
A,C,0.875128,-0.00191314,0.0121741,0.231273,outcome,TRUE,reported,q5zkir,textfile,rs58387006
T,C,0.529024,0.00724964,0.0115166,0.272002,outcome,TRUE,reported,q5zkir,textfile,rs6003465
T,C,0.142705,0.0881365,0.0601289,0.00790771,outcome,TRUE,reported,q5zkir,textfile,rs61816766
G,A,0.761407,0.00332029,0.0109352,0.676277,outcome,TRUE,reported,q5zkir,textfile,rs62007299
A,T,0.149957,0.0174289,0.0121061,0.233934,outcome,TRUE,reported,q5zkir,textfile,rs62012775
C,T,0.19873,0.0218917,0.017034,0.100007,outcome,TRUE,reported,q5zkir,textfile,rs62115743
C,T,0.461616,0.0202278,0.0274764,0.0371187,outcome,TRUE,reported,q5zkir,textfile,rs62318873
C,G,0.991167,0.000123512,0.0111562,0.305578,outcome,TRUE,reported,q5zkir,textfile,rs6438900
C,T,0.0826247,-0.0333406,0.0192093,0.0769706,outcome,TRUE,reported,q5zkir,textfile,rs6547409
G,A,0.734027,-0.00348346,0.0102523,0.487049,outcome,TRUE,reported,q5zkir,textfile,rs6671730
C,T,0.192569,-0.0152727,0.011721,0.741474,outcome,TRUE,reported,q5zkir,textfile,rs6672758
A,G,0.0223146,-0.0285086,0.0124766,0.212534,outcome,TRUE,reported,q5zkir,textfile,rs6724965
G,A,0.479485,0.00816259,0.0115432,0.72759,outcome,TRUE,reported,q5zkir,textfile,rs6782190
C,T,0.202187,0.013997,0.0109751,0.326386,outcome,TRUE,reported,q5zkir,textfile,rs6834488
G,T,0.431689,0.0106714,0.0135715,0.830045,outcome,TRUE,reported,q5zkir,textfile,rs700065
G,A,0.857022,0.00192633,0.0106919,0.352969,outcome,TRUE,reported,q5zkir,textfile,rs7128011
C,T,0.0869561,0.0473316,0.0276521,0.035952,outcome,TRUE,reported,q5zkir,textfile,rs71297391
G,A,0.328002,-0.010066,0.0102909,0.538325,outcome,TRUE,reported,q5zkir,textfile,rs727857
T,G,0.0334303,-0.045021,0.0211676,0.0633693,outcome,TRUE,reported,q5zkir,textfile,rs72834856
T,C,0.547946,0.0132802,0.0221028,0.0585247,outcome,TRUE,reported,q5zkir,textfile,rs73413596
A,G,0.686885,-0.00503649,0.0124948,0.214942,outcome,TRUE,reported,q5zkir,textfile,rs7528419
G,A,0.0229975,0.0284994,0.0125356,0.216456,outcome,TRUE,reported,q5zkir,textfile,rs7569755
G,A,0.0886054,0.062444,0.0366714,0.0205768,outcome,TRUE,reported,q5zkir,textfile,rs75765985
G,A,0.255555,0.0466957,0.0410706,0.0157201,outcome,TRUE,reported,q5zkir,textfile,rs77037130
G,A,0.83084,0.00265092,0.0124092,0.223874,outcome,TRUE,reported,q5zkir,textfile,rs77924615
T,A,0.686779,0.0063358,0.0157126,0.121352,outcome,TRUE,reported,q5zkir,textfile,rs78649910
G,C,0.572749,0.0081772,0.0144984,0.849682,outcome,TRUE,reported,q5zkir,textfile,rs8018720
C,A,0.239127,-0.0877225,0.0745198,0.00514987,outcome,TRUE,reported,q5zkir,textfile,rs80204526
A,G,0.218025,0.0137189,0.0111373,0.683178,outcome,TRUE,reported,q5zkir,textfile,rs804281
G,C,0.879868,0.00170539,0.0112838,0.708858,outcome,TRUE,reported,q5zkir,textfile,rs8063565
C,A,0.475409,0.0136177,0.0190802,0.0787965,outcome,TRUE,reported,q5zkir,textfile,rs8091117
A,T,0.948652,-0.00134612,0.0209027,0.0652753,outcome,TRUE,reported,q5zkir,textfile,rs8107974
C,G,0.0824404,0.0210961,0.0121472,0.233267,outcome,TRUE,reported,q5zkir,textfile,rs8121940
A,G,0.456976,0.00985161,0.0132443,0.184605,outcome,TRUE,reported,q5zkir,textfile,rs8123293
C,T,0.84561,0.0020024,0.0102833,0.551931,outcome,TRUE,reported,q5zkir,textfile,rs9476310
T,C,0.577451,-0.00572642,0.0102788,0.463356,outcome,TRUE,reported,q5zkir,textfile,rs9490317
G,C,0.959965,0.000730505,0.0145525,0.854639,outcome,TRUE,reported,q5zkir,textfile,rs964184
T,C,0.922173,-0.00114721,0.0117425,0.74065,outcome,TRUE,reported,q5zkir,textfile,rs9861009
